benefit_id,quarter,planned,actual
B1,2025-Q1,11875,11821.0
B1,2025-Q2,11875,12349.0
B1,2025-Q3,11875,12495.0
B1,2025-Q4,11875,11678.0
B1,2026-Q1,23750,23697.0
B1,2026-Q2,23750,25920.0
B1,2026-Q3,23750,23476.0
B1,2026-Q4,23750,
B1,2027-Q1,23750,
B1,2027-Q2,23750,
B1,2027-Q3,23750,
B1,2027-Q4,23750,
B1,2028-Q1,23750,
B1,2028-Q2,23750,
B1,2028-Q3,23750,
B1,2028-Q4,23750,
B1,2029-Q1,23750,
B1,2029-Q2,23750,
B1,2029-Q3,23750,
B1,2029-Q4,23750,
B2,2025-Q1,5000,0.0
B2,2025-Q2,5000,0.0
B2,2025-Q3,5000,0.0
B2,2025-Q4,5000,4347.0
B2,2026-Q1,10000,9922.0
B2,2026-Q2,10000,9433.0
B2,2026-Q3,10000,9053.0
B2,2026-Q4,10000,
B2,2027-Q1,10000,
B2,2027-Q2,10000,
B2,2027-Q3,10000,
B2,2027-Q4,10000,
B2,2028-Q1,10000,
B2,2028-Q2,10000,
B2,2028-Q3,10000,
B2,2028-Q4,10000,
B2,2029-Q1,10000,
B2,2029-Q2,10000,
B2,2029-Q3,10000,
B2,2029-Q4,10000,
B3,2025-Q1,3750,1788.0
B3,2025-Q2,3750,1873.0
B3,2025-Q3,3750,1655.0
B3,2025-Q4,3750,1578.0
B3,2026-Q1,7500,3887.0
B3,2026-Q2,7500,3754.0
B3,2026-Q3,7500,3576.0
B3,2026-Q4,7500,
B3,2027-Q1,7500,
B3,2027-Q2,7500,
B3,2027-Q3,7500,
B3,2027-Q4,7500,
B3,2028-Q1,7500,
B3,2028-Q2,7500,
B3,2028-Q3,7500,
B3,2028-Q4,7500,
B3,2029-Q1,7500,
B3,2029-Q2,7500,
B3,2029-Q3,7500,
B3,2029-Q4,7500,
